Name,Date of Birth,Age,Location,Instagram Followers,TikTok Followers,YouTube Followers,Snap Followers,Biography,Verticals,Instagram Age Distribution - 13-17,Instagram Age Distribution - 18-24,Instagram Age Distribution - 25-34,Instagram Age Distribution - 35-44,Instagram Age Distribution - 45-64,Instagram Age Distribution - 65+,Instagram Country Distribution - India,"Instagram Country Distribution - Iran, Islamic Republic of",Instagram Country Distribution - Others,Instagram Country Distribution - United States,Instagram Gender Distribution - Female,Instagram Gender Distribution - Male,Snapchat Age Distribution - 13-17,Snapchat Age Distribution - 18-20,Snapchat Age Distribution - 21-24,Snapchat Age Distribution - 25-34,Snapchat Age Distribution - 35+,Snapchat Age Distribution - unknown,Snapchat Country Distribution - Canada,Snapchat Country Distribution - Others,Snapchat Country Distribution - United Kingdom,Snapchat Country Distribution - United States,Snapchat Gender Distribution - Female,Snapchat Gender Distribution - Male,Snapchat Gender Distribution - Other,TikTok Age Distribution - 18-24,TikTok Age Distribution - 25-34,TikTok Age Distribution - 35+,TikTok Country Distribution - Others,TikTok Country Distribution - United Kingdom,TikTok Country Distribution - United States,TikTok Gender Distribution - Female,TikTok Gender Distribution - Male,TikTok Gender Distribution - Other,YouTube Age Distribution - 13-17,YouTube Age Distribution - 18-24,YouTube Age Distribution - 25-34,YouTube Age Distribution - 35-44,YouTube Age Distribution - 45-54,YouTube Age Distribution - 55-64,YouTube Age Distribution - 65+,YouTube Country Distribution - India,YouTube Country Distribution - Others,YouTube Country Distribution - United Kingdom,YouTube Country Distribution - United States,YouTube Gender Distribution - Female,YouTube Gender Distribution - Male,Instagram Average Reach,Instagram Average Views,Instagram Average Engagements,Instagram Follower Engagement Rate,Instagram Reach Engagement Rate,Instagram View Engagement Rate,Instagram Average Reels Views,Instagram Average Story Reach,Instagram Average Story Views,TikTok Average Views,TikTok Average Engagements,TikTok Average Likes,TikTok Average Comments,TikTok Average Shares,TikTok View Engagement Rate,YouTube Average Views,YouTube Average Likes,YouTube Average Comments,YouTube Average Shares,Snapchat Profile Tier,Snapchat Story Avg View Time (Last 28 days),Snapchat Saved Story Avg View Time (Last 28 days),Snapchat Spotlight Avg View Time (Last 28 days)
Sophia Martinez,15.06.1998,27,"Los Angeles, CA, USA",482.3k,1.1m,264.8k,97.4k,"LA-based lifestyle creator blending fashion, travel, and wellness tips with candid behind-the-scenes moments of her everyday life. Advocates for slow fashion and mindful living.","Lifestyle, Fashion, Travel",5.0,37.0,41.0,14.0,3.0,0.0,6.0,6.0,43.0,45.0,32.0,68.0,,,,,,,,,,,,,,31.0,38.0,31.0,50.0,2.0,48.0,43.0,53.0,4.0,8.0,26.0,34.0,12.0,9.0,1.0,10.0,9.0,50.0,6.0,35.0,25.0,75.0,44.5k,55.5k,14.8k,6.8%,9.1%,4.3%,290.4k,39.7k,32.2k,685.1k,70.1k,90.8k,57.5,0.8k,13.8%,23.7k,2.0k,64.2,86.4,,,,
Liam Turner,15.06.1991,34,"Austin, TX, USA",243.9k,678.5k,89.3k,51.2k,"Tech-savvy dad and drone videographer capturing Texas landscapes. Known for cinematic reels, gear reviews, and relatable family vlogs.","Tech, Entertainment, Family",,,,,,,,,,,,,20.0,13.0,12.0,24.0,22.0,9.0,3.0,29.0,3.0,65.0,75.0,14.0,11.0,44.0,49.0,7.0,54.0,2.0,44.0,41.0,52.0,7.0,9.0,34.0,30.0,13.0,9.0,2.0,3.0,10.0,43.0,8.0,39.0,16.0,84.0,45.0k,35.9k,7.1k,5.4%,8.3%,9.0%,71.9k,43.4k,56.6k,632.8k,30.7k,92.1k,458.8,3.8k,13.7%,31.6k,1.1k,28.4,182.8,Standard,142.1k,28.1k,37.6k
Jasmine Lee,15.06.2003,22,"Seattle, WA, USA",512.6k,1.4m,201.2k,68.9k,"Vegan recipe creator and plant enthusiast sharing budget-friendly, eco-conscious meals. Loves storytelling through colorful, short-form cooking videos.",Food,6.0,34.0,37.0,9.0,2.0,12.0,5.0,5.0,46.0,44.0,36.0,64.0,26.0,6.0,10.0,20.0,27.0,11.0,1.0,30.0,3.0,66.0,73.0,17.0,10.0,38.0,35.0,27.0,53.0,3.0,44.0,30.0,56.0,14.0,9.0,30.0,31.0,15.0,7.0,1.0,7.0,5.0,47.0,9.0,39.0,25.0,75.0,45.0k,27.6k,4.8k,7.1%,11.4%,4.6%,251.7k,25.3k,64.8k,624.7k,25.2k,24.5k,68.2,3.1k,8.7%,73.1k,1.1k,87.9,150.2,Snap Star,110.3k,54.7k,31.5k
Marcus Hill,15.06.1997,28,"Chicago, IL, USA",325.8k,912.4k,142.6k,73.1k,Streetwear stylist and sneaker collector documenting the culture of Chicagoâ€™s fashion scene. Drops style guides and thrift store treasure hunts weekly.,Fashion,10.0,32.0,32.0,13.0,5.0,8.0,8.0,10.0,44.0,38.0,38.0,62.0,,,,,,,,,,,,,,34.0,50.0,16.0,55.0,2.0,43.0,44.0,64.0,0.0,,,,,,,,,,,,,,57.4k,45.8k,5.9k,6.2%,7.6%,3.7%,162.5k,41.9k,30.1k,211.4k,39.8k,31.4k,372.3,2.1k,6.3%,,,,,,,,
Chloe Nguyen,15.06.2000,25,"San Francisco, CA, USA",188.7k,534.2k,97.5k,29.4k,"UX designer by day, cozy gamer by night. Streams indie games, shares home office setups, and posts practical design tips for aspiring creatives.",Tech,6.0,36.0,45.0,10.0,1.0,2.0,6.0,10.0,42.0,42.0,31.0,69.0,20.0,14.0,9.0,20.0,20.0,17.0,1.0,23.0,6.0,70.0,76.0,12.0,12.0,30.0,50.0,20.0,45.0,5.0,50.0,42.0,65.0,0.0,6.0,32.0,32.0,15.0,10.0,2.0,3.0,7.0,44.0,8.0,41.0,24.0,76.0,32.4k,53.9k,18.5k,8.4%,5.7%,5.6%,171.5k,65.8k,23.4k,349.8k,12.8k,69.6k,234.2,0.5k,6.0%,26.4k,7.3k,27.8,95.4,Creator,51.5k,79.5k,31.4k
Ryan Brooks,15.06.1994,31,"Nashville, TN, USA",402.5k,1.2m,310.8k,85.2k,"Country singer-songwriter sharing acoustic sessions, songwriting tips, and behind-the-scenes tour life. Fans love his heartfelt storytelling through music.","Music, Art",8.0,36.0,32.0,8.0,3.0,13.0,5.0,6.0,46.0,43.0,43.0,57.0,,,,,,,,,,,,,,40.0,46.0,14.0,49.0,4.0,47.0,43.0,61.0,0.0,10.0,35.0,39.0,10.0,8.0,5.0,0.0,5.0,44.0,9.0,42.0,21.0,79.0,20.3k,17.6k,11.6k,9.2%,9.3%,6.3%,125.4k,63.1k,26.6k,435.7k,59.2k,42.2k,353.0,2.3k,7.1%,55.4k,4.4k,80.7,126.3,,,,
Alexis Carter,15.06.1996,29,"Miami, FL, USA",678.3k,982.5k,154.2k,64.8k,"Fitness coach and former pro dancer creating dance-based workouts, wellness challenges, and mindset motivation. Passionate about body positivity.","Fitness, Dance, Wellness",8.0,43.0,30.0,15.0,1.0,3.0,10.0,5.0,43.0,42.0,38.0,62.0,,,,,,,,,,,,,,45.0,41.0,14.0,46.0,2.0,52.0,34.0,64.0,2.0,10.0,34.0,40.0,10.0,6.0,5.0,0.0,7.0,47.0,6.0,40.0,19.0,81.0,76.9k,17.9k,15.2k,7.5%,3.3%,3.8%,277.2k,17.8k,57.1k,686.3k,38.1k,64.9k,131.5,1.1k,10.3%,91.3k,6.0k,88.0,113.9,,,,
Ethan Ross,15.06.1999,26,"Denver, CO, USA",351.1k,784.9k,113.4k,38.9k,"Adventure photographer hiking across the Rockies. Posts jaw-dropping landscapes, camping tips, and outdoor gear reviews.","Art, Travel",,,,,,,,,,,,,21.0,13.0,7.0,30.0,30.0,0.0,4.0,26.0,4.0,66.0,72.0,16.0,12.0,39.0,37.0,24.0,42.0,4.0,54.0,38.0,51.0,11.0,7.0,26.0,34.0,11.0,5.0,3.0,14.0,8.0,50.0,7.0,35.0,16.0,84.0,73.0k,48.8k,12.4k,6.9%,7.0%,3.9%,166.6k,33.9k,53.8k,341.1k,44.4k,34.9k,59.4,2.3k,14.8%,11.2k,2.9k,94.7,173.2,Creator,54.3k,97.9k,40.0k
Mia Torres,15.06.2001,24,"New York, NY, USA",429.5k,1.1m,242.6k,92.1k,Aspiring chef documenting her journey through culinary school in NYC. Combines classic techniques with modern street food inspiration.,"Food, Tech",10.0,43.0,40.0,9.0,2.0,0.0,6.0,7.0,45.0,42.0,45.0,55.0,29.0,7.0,9.0,28.0,21.0,6.0,4.0,20.0,5.0,71.0,83.0,11.0,6.0,40.0,36.0,24.0,42.0,4.0,54.0,39.0,59.0,2.0,,,,,,,,,,,,,,11.5k,51.7k,10.9k,8.1%,9.1%,10.0%,108.0k,56.6k,51.2k,526.7k,20.8k,89.1k,133.5,2.8k,12.7%,,,,,Creator,364.6k,65.2k,23.9k
Olivia Harper,15.06.1995,30,"Brooklyn, NY, USA",512.4k,1.3m,278.2k,66.3k,"Fashion blogger turned capsule wardrobe coach, helping busy women simplify their closets without sacrificing style. Weekly outfit formulas and styling hacks.","Fashion, Fitness",10.0,40.0,36.0,8.0,1.0,5.0,5.0,5.0,47.0,43.0,41.0,59.0,23.0,15.0,13.0,24.0,24.0,1.0,4.0,24.0,5.0,67.0,78.0,10.0,12.0,34.0,38.0,28.0,46.0,3.0,51.0,44.0,52.0,4.0,8.0,26.0,37.0,10.0,6.0,2.0,11.0,5.0,51.0,9.0,35.0,15.0,85.0,32.1k,39.8k,5.7k,7.7%,3.5%,9.8%,173.0k,12.2k,35.9k,799.8k,69.2k,36.3k,127.0,4.7k,13.3%,45.4k,6.4k,80.8,177.7,Standard,220.5k,13.9k,5.9k
Noah Bennett,15.06.2004,21,"Portland, OR, USA",193.4k,542.1k,121.7k,27.8k,"Minimalist lifestyle vlogger documenting his vanlife journey through the Pacific Northwest. Focuses on sustainability, travel, and simple living tips.","Lifestyle, Travel, Entertainment",9.0,31.0,38.0,10.0,4.0,8.0,7.0,7.0,48.0,38.0,38.0,62.0,,,,,,,,,,,,,,42.0,45.0,13.0,45.0,2.0,53.0,36.0,63.0,1.0,9.0,30.0,35.0,12.0,10.0,3.0,1.0,5.0,45.0,9.0,41.0,27.0,73.0,62.0k,16.8k,11.6k,6.5%,4.6%,8.1%,202.1k,69.9k,58.0k,697.3k,81.1k,67.9k,384.2,2.2k,6.0%,49.8k,1.6k,11.0,112.5,,,,
Harper James,15.06.2004,21,"Raleigh, NC, USA",275.8k,764.1k,105.3k,36.7k,"College lifestyle influencer sharing productivity tips, study vlogs, and dorm-friendly meal ideas. Advocates for mental health awareness on campus.","Lifestyle, Entertainment, Fashion",7.0,30.0,32.0,11.0,5.0,15.0,9.0,6.0,43.0,42.0,37.0,63.0,,,,,,,,,,,,,,41.0,45.0,14.0,41.0,5.0,54.0,30.0,55.0,15.0,9.0,35.0,32.0,15.0,6.0,5.0,0.0,7.0,51.0,7.0,35.0,28.0,72.0,42.1k,29.4k,6.9k,7.2%,4.4%,3.4%,219.6k,36.1k,24.7k,337.6k,77.8k,96.4k,134.8,2.1k,7.6%,97.4k,9.6k,96.1,114.9,,,,
Olivia Harper,15.06.1995,30,"Brooklyn, NY, USA",512.4k,1.3m,278.2k,66.3k,"Fashion blogger turned capsule wardrobe coach, helping busy women simplify their closets without sacrificing style. Weekly outfit formulas and styling hacks.","Fashion, Fitness",6.0,44.0,32.0,8.0,4.0,6.0,8.0,8.0,47.0,37.0,33.0,67.0,23.0,10.0,10.0,23.0,27.0,7.0,1.0,27.0,6.0,66.0,80.0,18.0,2.0,43.0,44.0,13.0,48.0,5.0,47.0,36.0,57.0,7.0,5.0,29.0,33.0,10.0,5.0,5.0,13.0,5.0,44.0,8.0,43.0,25.0,75.0,32.1k,35.7k,5.4k,7.7%,11.2%,9.1%,213.5k,23.0k,12.2k,455.6k,84.7k,24.3k,174.0,1.3k,14.6%,58.8k,1.6k,82.9,57.8,Creator,171.7k,91.7k,54.2k
Bella Rivera,15.06.1999,26,"San Diego, CA, USA",442.3k,1.2m,196.9k,59.8k,"Surfer and ocean conservation advocate. Shares surf tutorials, travel vlogs, and environmental activism content.","Travel, Entertainment",8.0,35.0,35.0,7.0,5.0,10.0,5.0,5.0,48.0,42.0,44.0,56.0,,,,,,,,,,,,,,40.0,36.0,24.0,45.0,5.0,50.0,31.0,63.0,6.0,5.0,32.0,40.0,14.0,8.0,3.0,0.0,6.0,54.0,5.0,35.0,29.0,71.0,20.4k,54.9k,4.5k,8.3%,5.3%,5.4%,241.9k,19.5k,20.9k,293.1k,38.0k,44.5k,267.8,1.5k,13.6%,87.6k,5.6k,40.7,70.7,,,,
Dylan Cooper,15.06.2000,25,"Phoenix, AZ, USA",387.2k,942.5k,189.4k,42.8k,Travel vlogger exploring hidden gems across the American Southwest. Known for cinematic drone shots and budget-friendly adventure tips.,"Travel, Entertainment",5.0,38.0,36.0,8.0,5.0,8.0,8.0,5.0,46.0,41.0,31.0,69.0,,,,,,,,,,,,,,34.0,37.0,29.0,49.0,2.0,49.0,30.0,50.0,20.0,10.0,26.0,40.0,11.0,10.0,5.0,0.0,10.0,44.0,6.0,40.0,17.0,83.0,64.1k,23.6k,14.9k,6.4%,4.1%,9.3%,197.0k,20.4k,55.3k,782.3k,16.9k,9.4k,149.3,4.6k,9.4%,50.8k,5.6k,51.7,86.5,,,,
Ava Scott,15.06.2001,24,"Dallas, TX, USA",386.7k,824.5k,144.8k,52.9k,"Fitness and lifestyle creator focusing on HIIT workouts, smoothie recipes, and personal growth challenges. Energetic and uplifting content.","Lifestyle, Fitness, Food",8.0,36.0,39.0,5.0,3.0,9.0,7.0,6.0,50.0,37.0,32.0,68.0,,,,,,,,,,,,,,44.0,41.0,15.0,55.0,2.0,43.0,39.0,65.0,0.0,10.0,31.0,39.0,12.0,10.0,2.0,0.0,6.0,42.0,8.0,44.0,23.0,77.0,32.9k,49.2k,11.5k,7.4%,7.8%,4.4%,176.7k,41.6k,52.0k,461.8k,81.5k,20.9k,418.7,3.0k,13.4%,92.9k,8.7k,99.4,150.9,,,,
Harper James,15.06.2004,21,"Raleigh, NC, USA",275.8k,764.1k,105.3k,36.7k,"College lifestyle influencer sharing productivity tips, study vlogs, and dorm-friendly meal ideas. Advocates for mental health awareness on campus.","Lifestyle, Entertainment, Fashion",9.0,35.0,33.0,11.0,5.0,7.0,6.0,9.0,49.0,36.0,41.0,59.0,,,,,,,,,,,,,,43.0,40.0,17.0,54.0,2.0,44.0,34.0,57.0,9.0,5.0,27.0,33.0,15.0,8.0,1.0,11.0,5.0,50.0,8.0,37.0,27.0,73.0,58.3k,26.5k,2.9k,7.2%,11.2%,4.2%,62.7k,28.0k,51.6k,547.9k,56.5k,92.6k,81.8,2.4k,11.2%,98.4k,8.9k,41.2,178.5,,,,
Ella Brooks,15.06.2005,20,"Minneapolis, MN, USA",209.8k,605.1k,88.2k,21.7k,"Art student sharing digital painting tutorials, sketchbook tours, and creative challenges. Encourages followers to find joy in everyday creativity.",Art,7.0,36.0,43.0,7.0,3.0,4.0,6.0,9.0,50.0,35.0,30.0,70.0,,,,,,,,,,,,,,31.0,40.0,29.0,47.0,5.0,48.0,37.0,59.0,4.0,7.0,30.0,37.0,12.0,5.0,3.0,6.0,7.0,52.0,5.0,36.0,20.0,80.0,38.7k,35.8k,2.4k,8.9%,8.9%,4.1%,61.7k,40.7k,36.0k,165.5k,63.4k,7.6k,337.0,2.4k,11.5%,55.5k,9.1k,13.8,165.5,,,,
Logan Price,15.06.1993,32,"Orlando, FL, USA",621.9k,1.1m,310.2k,74.5k,"Disney parks content creator sharing insider tips, ride POVs, and hidden secrets from theme parks. Known for cheerful and family-friendly style.",Fashion,10.0,43.0,44.0,5.0,4.0,0.0,10.0,7.0,46.0,37.0,40.0,60.0,,,,,,,,,,,,,,39.0,40.0,21.0,54.0,3.0,43.0,32.0,64.0,4.0,6.0,35.0,35.0,10.0,6.0,2.0,6.0,8.0,45.0,6.0,41.0,23.0,77.0,55.1k,38.2k,9.9k,6.8%,8.9%,7.8%,125.6k,32.3k,12.0k,106.6k,17.7k,31.9k,209.2,3.5k,6.2%,28.2k,2.2k,18.5,124.1,,,,
Rachel Hayes,15.06.1998,27,"Chicago, IL, USA",214.9k,593.4k,121.6k,35.2k,"Career coach and business vlogger teaching personal branding, LinkedIn strategies, and workplace confidence.","Fitness, Entertainment, Finance",10.0,30.0,33.0,8.0,3.0,16.0,5.0,9.0,45.0,41.0,42.0,58.0,21.0,13.0,13.0,28.0,23.0,2.0,3.0,25.0,3.0,69.0,70.0,18.0,12.0,42.0,48.0,10.0,49.0,3.0,48.0,44.0,52.0,4.0,8.0,29.0,39.0,14.0,6.0,4.0,0.0,5.0,53.0,7.0,35.0,30.0,70.0,33.6k,39.7k,16.1k,6.5%,10.4%,6.4%,298.5k,64.4k,33.6k,745.5k,82.8k,20.6k,140.7,3.6k,7.1%,54.4k,4.1k,63.5,81.9,Standard,289.5k,9.5k,39.9k
Bella Rivera,15.06.1999,26,"San Diego, CA, USA",442.3k,1.2m,196.9k,59.8k,"Surfer and ocean conservation advocate. Shares surf tutorials, travel vlogs, and environmental activism content.","Travel, Entertainment",10.0,30.0,30.0,6.0,2.0,22.0,7.0,5.0,51.0,37.0,32.0,68.0,,,,,,,,,,,,,,42.0,47.0,11.0,40.0,5.0,55.0,40.0,55.0,5.0,5.0,35.0,31.0,15.0,10.0,5.0,0.0,8.0,48.0,6.0,38.0,30.0,70.0,61.9k,53.1k,12.1k,8.3%,3.6%,6.6%,74.2k,25.0k,19.2k,762.2k,16.5k,80.7k,398.9,1.9k,11.7%,58.2k,3.7k,29.8,47.1,,,,
Amira Khan,15.06.2000,25,"Dearborn, MI, USA",284.5k,693.8k,105.4k,41.6k,"Modest fashion and lifestyle creator celebrating culture, faith, and modern style with inspiring lookbooks and life tips.","Lifestyle, Fashion",8.0,31.0,35.0,5.0,1.0,20.0,9.0,7.0,43.0,41.0,35.0,65.0,27.0,9.0,13.0,28.0,21.0,2.0,2.0,20.0,3.0,75.0,84.0,14.0,2.0,36.0,37.0,27.0,45.0,4.0,51.0,35.0,62.0,3.0,8.0,34.0,36.0,15.0,9.0,2.0,0.0,5.0,44.0,8.0,43.0,20.0,80.0,21.1k,37.5k,6.7k,8.1%,6.9%,6.4%,257.2k,62.4k,46.7k,421.9k,48.8k,11.5k,95.6,1.8k,5.3%,30.5k,9.2k,26.0,179.0,Creator,204.6k,98.6k,11.0k
Carter Miller,15.06.1996,29,"Boston, MA, USA",518.2k,1.4m,275.4k,81.6k,Self-taught chef and food stylist making gourmet recipes approachable for home cooks. Known for mouth-watering plating and step-by-step videos.,Food,8.0,34.0,30.0,8.0,2.0,18.0,6.0,5.0,54.0,35.0,38.0,62.0,26.0,11.0,6.0,22.0,27.0,8.0,2.0,25.0,4.0,69.0,81.0,14.0,5.0,44.0,39.0,17.0,52.0,4.0,44.0,35.0,63.0,2.0,5.0,30.0,36.0,11.0,8.0,3.0,7.0,10.0,36.0,9.0,45.0,16.0,84.0,42.4k,16.9k,8.3k,9.0%,6.3%,2.9%,93.1k,19.0k,48.1k,200.9k,90.2k,91.4k,62.0,2.4k,12.2%,48.4k,7.2k,35.2,142.8,Creator,378.6k,61.8k,44.9k
Harper Lane,15.06.2002,23,"Nashville, TN, USA",275.3k,843.7k,193.2k,36.5k,"Music vlogger documenting behind-the-scenes sessions, songwriting, and indie artist interviews.","Music, Art, Entertainment",6.0,31.0,30.0,12.0,2.0,19.0,9.0,9.0,42.0,40.0,36.0,64.0,20.0,6.0,6.0,26.0,30.0,12.0,4.0,20.0,4.0,72.0,83.0,10.0,7.0,32.0,47.0,21.0,41.0,5.0,54.0,40.0,61.0,0.0,10.0,25.0,34.0,10.0,9.0,2.0,10.0,9.0,42.0,10.0,39.0,24.0,76.0,65.8k,33.7k,4.2k,7.4%,6.6%,7.7%,170.1k,32.9k,35.4k,578.4k,68.2k,34.3k,175.9,3.8k,7.3%,86.3k,9.4k,62.1,36.3,Creator,313.7k,63.0k,37.7k
Ava Scott,15.06.2001,24,"Dallas, TX, USA",386.7k,824.5k,144.8k,52.9k,"Fitness and lifestyle creator focusing on HIIT workouts, smoothie recipes, and personal growth challenges. Energetic and uplifting content.","Lifestyle, Fitness, Food",9.0,41.0,44.0,5.0,3.0,0.0,5.0,7.0,49.0,39.0,33.0,67.0,,,,,,,,,,,,,,,,,,,,,,,9.0,25.0,39.0,11.0,7.0,3.0,6.0,8.0,45.0,6.0,41.0,17.0,83.0,30.7k,11.5k,2.7k,7.4%,3.2%,6.7%,244.0k,67.9k,14.3k,,,,,,,86.3k,7.9k,97.3,65.9,,,,
Sasha Kim,15.06.2001,24,"Los Angeles, CA, USA",336.7k,904.3k,153.4k,52.1k,"Streetwear influencer mixing high-fashion pieces with casual LA vibes, spotlighting emerging brands and sneaker drops.",Fashion,9.0,36.0,37.0,12.0,4.0,2.0,7.0,10.0,44.0,39.0,34.0,66.0,,,,,,,,,,,,,,37.0,41.0,22.0,42.0,4.0,54.0,34.0,50.0,16.0,5.0,33.0,40.0,12.0,9.0,3.0,0.0,6.0,46.0,7.0,41.0,20.0,80.0,30.3k,45.6k,18.8k,6.9%,7.9%,4.5%,120.6k,59.9k,37.5k,367.8k,59.0k,25.4k,51.3,4.0k,6.3%,54.3k,9.2k,94.7,122.5,,,,
Hunter Gray,15.06.1998,27,"Salt Lake City, UT, USA",451.2k,1.1m,223.5k,69.2k,"Outdoor survivalist teaching wilderness skills, gear setup, and minimalistic camping techniques. Blends educational content with adventure storytelling.","Tech, Travel, Education",5.0,38.0,38.0,5.0,3.0,11.0,6.0,7.0,49.0,38.0,38.0,62.0,26.0,9.0,13.0,21.0,21.0,10.0,4.0,23.0,6.0,67.0,79.0,10.0,11.0,32.0,44.0,24.0,50.0,3.0,47.0,30.0,51.0,19.0,8.0,25.0,32.0,15.0,7.0,2.0,11.0,10.0,36.0,9.0,45.0,23.0,77.0,38.4k,45.4k,9.1k,6.6%,5.2%,2.6%,237.7k,39.5k,46.5k,297.8k,37.8k,43.5k,80.1,2.9k,7.7%,59.1k,8.9k,43.9,55.8,Standard,106.8k,7.3k,34.1k
Jake Miller,15.06.2009,16,"Kansas City, MO, USA",121.8k,462.7k,28.6k,15.3k,"High schooler sharing funny school-life skits, gaming clips, and teen trends.",Gaming,,,,,,,,,,,,,,,,,,,,,,,,,,36.0,50.0,14.0,44.0,2.0,54.0,33.0,64.0,3.0,9.0,30.0,33.0,12.0,9.0,1.0,6.0,5.0,50.0,6.0,39.0,27.0,73.0,21.5k,43.6k,14.2k,9.4%,7.1%,6.7%,60.0k,19.7k,29.2k,768.0k,54.4k,57.1k,288.8,1.6k,9.7%,71.7k,9.2k,89.7,86.6,,,,
Ella Brooks,15.06.2005,20,"Minneapolis, MN, USA",209.8k,605.1k,88.2k,21.7k,"Art student sharing digital painting tutorials, sketchbook tours, and creative challenges. Encourages followers to find joy in everyday creativity.",Art,8.0,42.0,37.0,11.0,1.0,1.0,7.0,6.0,44.0,43.0,43.0,57.0,,,,,,,,,,,,,,34.0,35.0,31.0,50.0,4.0,46.0,35.0,63.0,2.0,7.0,35.0,31.0,11.0,10.0,5.0,1.0,6.0,44.0,8.0,42.0,29.0,71.0,47.6k,8.9k,10.5k,8.9%,10.6%,2.3%,73.4k,57.6k,18.3k,495.2k,9.9k,75.6k,365.5,3.0k,10.6%,69.3k,3.7k,77.0,76.5,,,,
Alex Price,15.06.2001,24,"Dallas, TX, USA",201.9k,632.4k,74.6k,25.8k,"Casual lifestyle creator vlogging coffee runs, travel days, and apartment life.","Lifestyle, Travel, Art",8.0,34.0,34.0,5.0,3.0,16.0,5.0,10.0,42.0,43.0,38.0,62.0,,,,,,,,,,,,,,31.0,44.0,25.0,56.0,4.0,40.0,37.0,55.0,8.0,5.0,25.0,34.0,10.0,6.0,5.0,15.0,10.0,48.0,7.0,35.0,29.0,71.0,19.0k,56.8k,4.0k,7.5%,7.4%,2.7%,113.1k,49.8k,21.8k,613.7k,73.7k,57.7k,296.3,1.1k,10.6%,86.3k,5.4k,86.6,22.7,,,,
Mason Blake,15.06.1992,33,"Portland, ME, USA",328.4k,912.9k,134.5k,46.8k,"Chef-turned-forager documenting wild food recipes, sustainable sourcing tips, and culinary experiments from the Maine coast.",Food,10.0,33.0,34.0,13.0,1.0,9.0,10.0,8.0,41.0,41.0,39.0,61.0,,,,,,,,,,,,,,30.0,42.0,28.0,53.0,4.0,43.0,39.0,59.0,2.0,,,,,,,,,,,,,,36.9k,24.6k,16.6k,7.9%,3.4%,4.6%,195.5k,39.5k,24.0k,448.8k,60.8k,13.5k,230.5,2.6k,7.8%,,,,,,,,
Luca Rossi,15.06.1998,27,"New York, NY, USA",392.4k,928.1k,148.9k,53.7k,"Fashion creator blending oversized coats with sleek streetwear looks, inspired by NYC culture.",Fashion,7.0,37.0,42.0,8.0,5.0,1.0,9.0,10.0,39.0,42.0,44.0,56.0,,,,,,,,,,,,,,33.0,42.0,25.0,54.0,3.0,43.0,34.0,56.0,10.0,8.0,30.0,38.0,14.0,5.0,1.0,4.0,5.0,51.0,9.0,35.0,19.0,81.0,20.5k,19.2k,16.1k,6.4%,11.0%,9.1%,232.6k,56.8k,14.8k,677.9k,71.9k,48.0k,250.5,1.2k,6.4%,82.2k,5.9k,29.8,68.0,,,,
Emily Carter,15.06.2009,16,"Denver, CO, USA",148.2k,472.6k,33.9k,12.4k,"High schooler sharing goofy GRWM videos, braces-friendly snack hacks, and funny moments from her everyday life.",Family,7.0,39.0,44.0,13.0,4.0,0.0,7.0,8.0,43.0,42.0,33.0,67.0,,,,,,,,,,,,,,44.0,39.0,17.0,54.0,3.0,43.0,42.0,56.0,2.0,5.0,33.0,33.0,11.0,8.0,5.0,5.0,10.0,45.0,7.0,38.0,26.0,74.0,10.4k,46.6k,18.3k,9.3%,3.2%,7.0%,242.5k,59.8k,60.7k,290.7k,55.8k,22.5k,446.3,1.9k,13.3%,21.6k,7.9k,85.8,41.2,,,,
Samuel Hayes,15.06.1995,30,"Boston, MA, USA",245.6k,678.9k,102.4k,37.8k,"Public speaking coach and entrepreneur sharing tips on confidence, career growth, and business networking.","Fitness, Finance",5.0,36.0,42.0,5.0,5.0,7.0,5.0,8.0,50.0,37.0,40.0,60.0,,,,,,,,,,,,,,42.0,36.0,22.0,42.0,4.0,54.0,34.0,55.0,11.0,6.0,29.0,34.0,15.0,5.0,1.0,10.0,10.0,39.0,7.0,44.0,30.0,70.0,24.2k,18.1k,19.8k,6.7%,7.3%,4.8%,51.2k,11.6k,20.1k,788.4k,57.4k,52.7k,390.6,2.2k,8.2%,78.2k,8.4k,79.6,194.4,,,,
Rachel Hayes,15.06.1998,27,"Chicago, IL, USA",214.9k,593.4k,121.6k,35.2k,"Career coach and business vlogger teaching personal branding, LinkedIn strategies, and workplace confidence.","Fitness, Entertainment, Finance",9.0,41.0,44.0,15.0,2.0,0.0,8.0,9.0,40.0,43.0,30.0,70.0,,,,,,,,,,,,,,38.0,39.0,23.0,46.0,4.0,50.0,37.0,57.0,6.0,6.0,32.0,36.0,15.0,5.0,4.0,2.0,9.0,44.0,5.0,42.0,21.0,79.0,17.1k,58.9k,10.7k,6.5%,9.5%,4.3%,266.6k,18.8k,38.8k,90.8k,41.3k,31.0k,480.6,1.4k,11.9%,58.7k,6.5k,33.5,108.6,,,,
Nathan Cole,15.06.1987,38,"Austin, TX, USA",154.3k,438.6k,64.2k,19.8k,Marketing strategist helping brands scale through storytelling and social campaigns. Shares productivity tips and leadership advice.,Lifestyle,5.0,39.0,41.0,14.0,1.0,0.0,6.0,10.0,40.0,44.0,41.0,59.0,,,,,,,,,,,,,,39.0,40.0,21.0,42.0,3.0,55.0,37.0,53.0,10.0,6.0,31.0,35.0,12.0,9.0,5.0,2.0,6.0,39.0,10.0,45.0,19.0,81.0,66.7k,53.3k,9.9k,6.2%,9.3%,2.3%,253.9k,52.6k,10.3k,677.3k,20.1k,32.9k,342.5,1.7k,9.8%,86.6k,5.2k,27.3,139.4,,,,
Zoe Rivers,15.06.2001,24,"Portland, OR, USA",351.2k,824.9k,92.7k,46.3k,"Alternative style creator mixing thrift store finds, bold hair colors, and sustainability tips with edgy street photography.","Art, Fashion",6.0,33.0,31.0,11.0,2.0,17.0,7.0,7.0,44.0,42.0,34.0,66.0,24.0,11.0,5.0,30.0,20.0,10.0,1.0,21.0,6.0,72.0,75.0,11.0,14.0,39.0,43.0,18.0,54.0,5.0,41.0,40.0,61.0,0.0,10.0,30.0,38.0,13.0,9.0,3.0,0.0,6.0,49.0,6.0,39.0,25.0,75.0,19.9k,53.0k,18.6k,7.8%,11.3%,4.7%,232.1k,26.0k,39.7k,713.3k,9.6k,60.5k,377.8,3.7k,6.0%,62.7k,6.0k,23.1,137.4,Snap Star,153.1k,10.3k,36.6k
Tyler Brooks,15.06.1998,27,"San Diego, CA, USA",207.6k,582.4k,89.7k,21.9k,"Lifestyle vlogger sharing minimalist apartment tours, morning routines, and laid-back California living.","Lifestyle, Art, Entertainment",9.0,33.0,39.0,12.0,4.0,3.0,10.0,10.0,41.0,39.0,33.0,67.0,,,,,,,,,,,,,,39.0,43.0,18.0,54.0,3.0,43.0,44.0,56.0,0.0,9.0,26.0,32.0,13.0,9.0,4.0,7.0,7.0,41.0,10.0,42.0,18.0,82.0,57.3k,27.4k,6.2k,7.1%,5.0%,2.7%,64.0k,25.5k,39.6k,767.2k,89.1k,76.8k,410.0,0.9k,9.8%,75.4k,3.2k,71.2,170.7,,,,
Amira Khan,15.06.2000,25,"Dearborn, MI, USA",284.5k,693.8k,105.4k,41.6k,"Modest fashion and lifestyle creator celebrating culture, faith, and modern style with inspiring lookbooks and life tips.","Lifestyle, Fashion",,,,,,,,,,,,,,,,,,,,,,,,,,45.0,45.0,10.0,57.0,3.0,40.0,42.0,60.0,0.0,,,,,,,,,,,,,,26.9k,38.3k,2.8k,8.1%,11.9%,2.2%,259.6k,28.8k,28.1k,338.4k,14.4k,89.5k,316.8,2.4k,11.5%,,,,,,,,
Chris Allen,15.06.1997,28,"New York, NY, USA",243.5k,732.8k,108.4k,33.6k,"Travel and lifestyle influencer with a focus on hidden city gems, cafe hopping, and style inspiration.","Lifestyle, Travel, Fashion",9.0,30.0,39.0,6.0,2.0,14.0,6.0,9.0,46.0,39.0,33.0,67.0,30.0,8.0,9.0,30.0,26.0,0.0,2.0,29.0,2.0,67.0,70.0,17.0,13.0,40.0,42.0,18.0,44.0,5.0,51.0,38.0,62.0,0.0,9.0,25.0,38.0,11.0,5.0,4.0,8.0,5.0,42.0,10.0,43.0,17.0,83.0,29.0k,27.4k,6.5k,7.0%,3.1%,6.2%,270.2k,39.9k,64.4k,181.0k,49.4k,17.6k,228.0,4.0k,7.0%,80.2k,7.7k,64.1,190.5,Standard,34.9k,70.4k,73.6k
Lauren Blake,15.06.1997,28,"Phoenix, AZ, USA",398.1k,1.1m,146.8k,72.9k,"Mom sharing parenting hacks, baby milestones, and relatable mom-life humor in short-form videos and vlogs.","Entertainment, Family",9.0,33.0,35.0,9.0,2.0,12.0,9.0,6.0,46.0,39.0,33.0,67.0,,,,,,,,,,,,,,,,,,,,,,,7.0,28.0,38.0,14.0,5.0,5.0,3.0,6.0,43.0,6.0,45.0,23.0,77.0,62.1k,41.5k,6.0k,8.7%,8.7%,7.7%,101.8k,13.4k,13.5k,,,,,,,91.0k,8.5k,96.1,39.6,,,,
Daniel Reed,15.06.1992,33,"Washington, DC, USA",178.5k,498.3k,82.1k,25.3k,"Remote work expert and productivity coach offering tips on video calls, digital workflows, and personal branding.",Fitness,9.0,40.0,42.0,5.0,5.0,0.0,10.0,10.0,42.0,38.0,37.0,63.0,,,,,,,,,,,,,,37.0,45.0,18.0,41.0,5.0,54.0,38.0,65.0,0.0,10.0,34.0,37.0,11.0,6.0,3.0,0.0,5.0,51.0,6.0,38.0,27.0,73.0,52.2k,59.0k,14.5k,6.9%,8.3%,9.7%,135.7k,40.4k,38.8k,248.1k,21.4k,34.6k,203.4,1.3k,6.4%,36.3k,4.9k,90.5,197.0,,,,
Harper Lane,15.06.2002,23,"Nashville, TN, USA",275.3k,843.7k,193.2k,36.5k,"Music vlogger documenting behind-the-scenes sessions, songwriting, and indie artist interviews.","Music, Art, Entertainment",5.0,31.0,41.0,12.0,3.0,8.0,9.0,6.0,48.0,37.0,31.0,69.0,,,,,,,,,,,,,,42.0,43.0,15.0,43.0,3.0,54.0,44.0,60.0,0.0,6.0,25.0,30.0,15.0,7.0,4.0,13.0,8.0,48.0,7.0,37.0,26.0,74.0,36.2k,21.3k,15.2k,7.4%,11.1%,4.0%,230.5k,49.3k,10.6k,279.3k,52.7k,78.2k,445.0,2.3k,6.1%,13.0k,5.7k,37.1,109.2,,,,
Matthew Lee,12.01.1987,38,"Los Angeles, CA, USA",1.1m,1.1m,,,Born and raised Cost eight he cell rather someone though. However thousand race skill wrong but street significant happy owner voice.,"Finance, Dance, Travel",9.0,40.0,32.0,13.0,2.0,4.0,10.0,6.0,41.0,43.0,36.0,64.0,,,,,,,,,,,,,,44.0,36.0,20.0,42.0,4.0,54.0,43.0,62.0,0.0,,,,,,,,,,,,,,10.8k,23.4k,6.2k,1.0%,6.1%,2.2%,82.3k,21.0k,42.8k,262.7k,64.3k,88.1k,94.4,2.9k,12.1%,,,,,,,,
Bella Ortiz,15.06.1999,26,"Miami, FL, USA",512.8k,1.2m,218.5k,94.6k,"Party host and lifestyle influencer curating epic events, outfit inspo, and tips for creating memorable nights with friends.","Lifestyle, Art, Fashion",7.0,39.0,34.0,13.0,3.0,4.0,5.0,7.0,44.0,44.0,31.0,69.0,,,,,,,,,,,,,,44.0,49.0,7.0,46.0,2.0,52.0,34.0,52.0,14.0,7.0,35.0,35.0,14.0,8.0,1.0,0.0,10.0,47.0,5.0,38.0,23.0,77.0,51.4k,34.6k,9.9k,7.0%,3.2%,3.3%,139.0k,27.0k,44.6k,88.0k,55.9k,67.4k,76.0,1.7k,12.4%,23.3k,8.2k,97.8,85.0,,,,
Brian Thompson,29.11.1981,43,"Houston, TX, USA",1.5m,548.6k,920.7k,136.1k,Brian Fight however fly official yet seem heart lot. Majority instead between bag cup authority hope office many way billion.,"Dance, Comedy",8.0,45.0,37.0,6.0,4.0,0.0,9.0,8.0,44.0,39.0,39.0,61.0,20.0,12.0,5.0,24.0,24.0,15.0,1.0,21.0,6.0,72.0,70.0,12.0,18.0,40.0,37.0,23.0,45.0,4.0,51.0,37.0,51.0,12.0,7.0,28.0,39.0,13.0,8.0,2.0,3.0,9.0,43.0,6.0,42.0,28.0,72.0,23.0k,16.3k,9.9k,3.2%,11.2%,6.4%,251.4k,57.9k,34.7k,88.1k,32.4k,49.1k,356.5,4.1k,7.2%,24.5k,3.2k,48.9,183.1,Snap Star,136.4k,80.0k,79.3k
Margaret Stewart,05.10.1987,37,"Los Angeles, CA, USA",710.6k,1.1m,883.0k,,Born and raised Half decide set social wind arrive office step. Increase figure today response PM manage bed government able.,"LGBTQ+, Music",6.0,31.0,41.0,8.0,3.0,11.0,5.0,5.0,48.0,42.0,30.0,70.0,,,,,,,,,,,,,,37.0,48.0,15.0,45.0,5.0,50.0,40.0,50.0,10.0,8.0,26.0,37.0,13.0,6.0,4.0,6.0,9.0,38.0,8.0,45.0,17.0,83.0,49.2k,56.4k,7.2k,1.8%,6.7%,5.5%,207.5k,64.7k,41.8k,240.7k,8.7k,66.0k,172.2,4.3k,13.8%,77.8k,2.4k,31.4,88.5,,,,
Monica Morrison,14.10.1997,27,"Seattle, WA, USA",79.3k,,367.9k,44.6k,Monica Drive relationship pay talk trial modern interesting key million relate. Current year likely to base about sea and structure sign nearly item responsibility including work free yard race.,"Fashion, Music, Entertainment",8.0,33.0,41.0,5.0,5.0,8.0,8.0,6.0,42.0,44.0,34.0,66.0,21.0,5.0,10.0,21.0,25.0,18.0,4.0,16.0,6.0,74.0,72.0,17.0,11.0,,,,,,,,,,8.0,35.0,38.0,15.0,10.0,3.0,0.0,10.0,41.0,5.0,44.0,24.0,76.0,16.9k,59.4k,9.1k,1.0%,10.5%,3.2%,120.4k,62.2k,13.8k,,,,,,,13.4k,7.9k,39.6,28.2,Snap Star,142.4k,64.0k,22.2k
Deborah Boyer,19.11.1978,46,"Seattle, WA, USA",1.9m,1.7m,,,Born and raised Successful save ahead others as involve production best suggest three late table agent yet book. Medical with feeling long you market party around safe man of never.,"Tech, Dance",7.0,45.0,32.0,10.0,2.0,4.0,5.0,5.0,49.0,41.0,36.0,64.0,,,,,,,,,,,,,,35.0,39.0,26.0,53.0,2.0,45.0,37.0,58.0,5.0,,,,,,,,,,,,,,46.9k,20.2k,9.9k,3.2%,9.5%,3.6%,147.6k,18.6k,66.5k,516.3k,25.6k,78.5k,230.9,4.9k,12.7%,,,,,,,,
Richard Carlson,16.08.1999,26,"New York, NY, USA",127.0k,280.8k,742.8k,,Richard Ball customer themselves environmental soldier set third onto race performance every. Expert try skill traditional of site science sign business recent family life carry police spend seem if arm minute.,"Art, Music, Sport",10.0,37.0,42.0,11.0,4.0,0.0,10.0,6.0,44.0,40.0,42.0,58.0,,,,,,,,,,,,,,34.0,45.0,21.0,44.0,3.0,53.0,40.0,65.0,0.0,6.0,31.0,35.0,14.0,9.0,3.0,2.0,7.0,38.0,10.0,45.0,19.0,81.0,12.8k,39.7k,18.7k,0.9%,5.2%,9.7%,265.1k,17.7k,40.3k,434.8k,83.8k,95.3k,246.4,4.7k,14.0%,47.9k,2.3k,20.9,89.9,,,,
Tabitha Nash,14.08.2004,21,"Chicago, IL, USA",1.5m,1.4m,1.4m,,Born and raised Country data yet own represent record let hear peace stand enter summer point bad. Pay ready subject authority customer old manager sister strong show strong piece arrive western raise at.,"Tech, Lifestyle",8.0,44.0,34.0,11.0,4.0,0.0,7.0,7.0,46.0,40.0,45.0,55.0,,,,,,,,,,,,,,30.0,45.0,25.0,52.0,2.0,46.0,37.0,59.0,4.0,7.0,35.0,40.0,13.0,5.0,3.0,0.0,7.0,51.0,7.0,35.0,15.0,85.0,41.5k,31.8k,5.7k,4.2%,9.6%,8.9%,135.9k,52.5k,59.8k,447.9k,89.5k,62.9k,361.6,4.4k,12.1%,13.5k,6.4k,26.7,56.7,,,,
Jasmine Reed,05.04.2004,21,"Los Angeles, CA, USA",923.0k,1.9m,560.0k,,Born and raised Town career continue structure class compare open though happy accept recent. People the anything hold need respond point chance company church.,"Family, Dance",5.0,37.0,37.0,6.0,5.0,10.0,10.0,8.0,45.0,37.0,34.0,66.0,,,,,,,,,,,,,,43.0,50.0,7.0,46.0,3.0,51.0,33.0,57.0,10.0,10.0,27.0,36.0,11.0,10.0,4.0,2.0,6.0,41.0,10.0,43.0,30.0,70.0,12.4k,50.9k,17.4k,2.0%,3.3%,5.8%,61.6k,23.6k,19.3k,257.4k,27.9k,46.8k,308.1,4.4k,8.7%,72.1k,8.2k,40.6,122.9,,,,
Jennifer Hodges,13.03.1989,36,"Chicago, IL, USA",562.1k,1.6m,200.0k,,Jennifer Such interesting owner generation whether find make form develop ground marriage five. Wrong west usually floor decade sound item miss training protect dinner.,"Sport, Food",9.0,35.0,35.0,6.0,5.0,10.0,6.0,8.0,43.0,43.0,41.0,59.0,,,,,,,,,,,,,,39.0,38.0,23.0,52.0,4.0,44.0,39.0,53.0,8.0,8.0,29.0,31.0,13.0,10.0,1.0,8.0,8.0,37.0,10.0,45.0,27.0,73.0,32.2k,52.0k,3.3k,2.2%,9.0%,9.6%,285.7k,63.7k,13.7k,446.3k,43.5k,98.8k,346.2,2.6k,11.9%,96.0k,4.4k,11.9,199.1,,,,
Susan Bennett,28.07.1995,30,"Los Angeles, CA, USA",876.5k,47.6k,1.9m,,Susan Teach young indeed sign our break owner material product range girl fill challenge alone. Claim offer fire war surface read least almost American field great make usually explain single marriage.,"Mental Health, LGBTQ+, Music",5.0,32.0,40.0,9.0,1.0,13.0,5.0,9.0,50.0,36.0,35.0,65.0,,,,,,,,,,,,,,42.0,36.0,22.0,53.0,3.0,44.0,42.0,52.0,6.0,9.0,27.0,31.0,10.0,6.0,3.0,14.0,6.0,43.0,6.0,45.0,26.0,74.0,63.0k,37.8k,18.8k,2.7%,5.9%,2.6%,110.9k,43.8k,46.6k,128.5k,38.5k,52.4k,364.4,2.6k,15.0%,45.9k,3.4k,67.9,48.8,,,,
Lisa Graves,30.10.1984,40,"Chicago, IL, USA",1.8m,761.2k,1.9m,,Born and raised Produce fish sort realize season use to inside operation begin thousand line fish couple. Many even require find spring front game light allow wait culture benefit party discuss yourself cup itself.,"Travel, Sport, Education",7.0,35.0,40.0,6.0,3.0,9.0,9.0,5.0,42.0,44.0,30.0,70.0,,,,,,,,,,,,,,44.0,48.0,8.0,40.0,5.0,55.0,44.0,64.0,0.0,5.0,26.0,40.0,10.0,9.0,3.0,7.0,5.0,43.0,7.0,45.0,28.0,72.0,65.9k,16.8k,10.4k,1.1%,10.5%,8.6%,290.4k,27.0k,10.6k,59.9k,45.3k,39.6k,412.3,4.8k,7.7%,64.6k,4.4k,41.1,23.7,,,,
Darryl Cox,09.01.1984,41,"Seattle, WA, USA",935.1k,,530.0k,,Born and raised Certainly sort writer Republican go poor artist between south staff than significant join. Experience note wish relate past agency news true serious part before watch according nice live.,"Pet, Art",8.0,43.0,37.0,15.0,3.0,0.0,6.0,10.0,44.0,40.0,37.0,63.0,,,,,,,,,,,,,,,,,,,,,,,9.0,28.0,36.0,13.0,6.0,5.0,3.0,7.0,46.0,6.0,41.0,26.0,74.0,46.0k,42.2k,12.1k,1.5%,8.3%,9.5%,192.0k,68.3k,24.7k,,,,,,,57.4k,6.0k,21.3,172.3,,,,
Stephen Williams,22.08.1996,29,"Los Angeles, CA, USA",1.3m,637.9k,,74.7k,Born and raised Less despite understand believe employee home place western learn modern. Wall community garden from several also there item though market sing site arrive article leader reason spring.,"Advocacy, Entertainment, Wellness",6.0,44.0,37.0,9.0,4.0,0.0,7.0,10.0,43.0,40.0,44.0,56.0,24.0,8.0,5.0,29.0,26.0,8.0,4.0,29.0,2.0,65.0,72.0,20.0,8.0,31.0,46.0,23.0,48.0,3.0,49.0,43.0,63.0,0.0,,,,,,,,,,,,,,35.5k,52.8k,13.9k,4.2%,11.6%,2.1%,66.2k,11.4k,31.9k,249.5k,61.5k,16.7k,117.8,2.1k,7.3%,,,,,Standard,209.0k,26.7k,24.5k
John Patel,09.10.1989,35,"Houston, TX, USA",804.3k,,1.2m,156.2k,Born and raised Pay certainly tree last city under image difference two design where. Happy you section on loss ready open very gas three someone buy type professor soldier even treat chance scene.,"Wellness, Advocacy, Art",6.0,38.0,39.0,13.0,4.0,0.0,5.0,10.0,40.0,45.0,43.0,57.0,25.0,5.0,12.0,24.0,23.0,11.0,3.0,16.0,6.0,75.0,85.0,11.0,4.0,,,,,,,,,,8.0,26.0,37.0,12.0,8.0,1.0,8.0,7.0,51.0,7.0,35.0,27.0,73.0,21.0k,49.7k,8.0k,2.5%,5.1%,8.0%,167.2k,61.7k,65.3k,,,,,,,61.5k,8.4k,65.8,45.4,Snap Star,140.9k,65.1k,5.3k
Seth Williams,14.07.1986,39,"New York, NY, USA",1.3m,1.7m,725.9k,,Born and raised Against I best plan something what window program try. Become fall know law reveal for system offer decide skill discover word its explain white avoid.,"Home/Decor, Author, Tech",10.0,41.0,39.0,10.0,5.0,0.0,10.0,10.0,44.0,36.0,33.0,67.0,,,,,,,,,,,,,,41.0,39.0,20.0,48.0,3.0,49.0,38.0,65.0,0.0,8.0,25.0,36.0,11.0,9.0,2.0,9.0,7.0,45.0,6.0,42.0,23.0,77.0,34.8k,33.4k,3.9k,1.1%,9.9%,5.1%,270.2k,25.5k,34.5k,378.8k,60.9k,74.4k,356.1,2.0k,6.0%,83.7k,2.5k,78.7,156.2,,,,
Jessica Stout,17.05.1994,31,"Los Angeles, CA, USA",813.1k,1.9m,1.6m,,Born and raised Start effect example short happen somebody stop year whether hotel company interest expect add nation green. Arm debate shake home recognize sound central think ever share national theory film whole we amount.,"Music, Gaming, Wellness",6.0,37.0,34.0,15.0,1.0,7.0,8.0,7.0,40.0,45.0,40.0,60.0,,,,,,,,,,,,,,32.0,43.0,25.0,42.0,3.0,55.0,42.0,61.0,0.0,9.0,27.0,32.0,12.0,8.0,1.0,11.0,5.0,45.0,5.0,45.0,16.0,84.0,29.4k,19.5k,16.9k,3.0%,11.6%,7.2%,184.4k,31.6k,30.4k,565.6k,88.7k,42.0k,366.6,4.5k,11.4%,62.6k,8.0k,44.2,52.6,,,,
Gloria Weiss,01.10.2002,22,"Chicago, IL, USA",1.6m,1.6m,1.7m,,Gloria Soon father money bit provide social like special before responsibility myself goal. Yeah offer face million prove continue girl morning open its bad particular attorney science necessary foot contain mind.,"Gaming, Advocacy",9.0,41.0,39.0,6.0,2.0,3.0,8.0,8.0,39.0,45.0,38.0,62.0,,,,,,,,,,,,,,38.0,37.0,25.0,44.0,5.0,51.0,30.0,51.0,19.0,10.0,26.0,34.0,14.0,6.0,3.0,7.0,6.0,49.0,7.0,38.0,25.0,75.0,20.1k,45.1k,15.2k,4.8%,6.9%,6.0%,193.5k,40.1k,59.3k,609.9k,26.9k,76.7k,322.2,2.4k,11.4%,34.5k,3.4k,27.7,57.2,,,,
Michael Simmons,07.12.1985,39,"Los Angeles, CA, USA",111.6k,810.4k,1.6m,,Michael Trouble bar later and news any partner. Miss important away artist without also movement body surface sort eat determine occur affect four.,"Fashion, Art",8.0,40.0,41.0,5.0,1.0,5.0,7.0,10.0,43.0,40.0,31.0,69.0,,,,,,,,,,,,,,32.0,40.0,28.0,54.0,2.0,44.0,39.0,57.0,4.0,10.0,27.0,31.0,11.0,8.0,3.0,10.0,7.0,45.0,10.0,38.0,25.0,75.0,13.7k,40.0k,10.0k,0.9%,11.5%,2.9%,174.7k,24.5k,31.4k,798.7k,95.9k,32.6k,86.0,1.8k,12.8%,85.1k,4.7k,39.9,36.2,,,,
Michael James,26.01.2000,25,"Houston, TX, USA",1.6m,1.3m,103.4k,,Born and raised Ball government approach oil conference child similar right similar list everyone man natural control whose trial. Out notice still generation world huge structure decide another when manage class hour woman travel miss similar executive green.,"Author, Food",6.0,38.0,31.0,14.0,4.0,7.0,5.0,8.0,49.0,38.0,40.0,60.0,,,,,,,,,,,,,,31.0,40.0,29.0,44.0,4.0,52.0,34.0,63.0,3.0,9.0,28.0,37.0,13.0,8.0,5.0,0.0,9.0,41.0,5.0,45.0,15.0,85.0,18.1k,41.6k,19.6k,3.7%,10.8%,2.6%,119.0k,55.6k,59.2k,285.1k,6.4k,84.4k,445.3,0.6k,12.4%,73.6k,6.0k,41.7,54.5,,,,
Christopher Howard,28.07.2000,25,"Houston, TX, USA",1.8m,221.9k,1.0m,,Born and raised Red start travel yeah challenge whole full answer whose cultural with treatment two instead. They exactly with industry space partner single should control ask the professor put true.,"DIY, Finance, Advocacy",8.0,32.0,31.0,8.0,3.0,18.0,7.0,7.0,43.0,43.0,33.0,67.0,,,,,,,,,,,,,,44.0,49.0,7.0,44.0,2.0,54.0,36.0,63.0,1.0,6.0,28.0,30.0,15.0,9.0,4.0,8.0,6.0,52.0,6.0,36.0,30.0,70.0,67.9k,17.8k,13.2k,1.1%,4.0%,6.2%,209.9k,66.3k,27.5k,650.4k,9.2k,73.6k,110.9,3.5k,11.3%,76.7k,7.8k,60.7,184.7,,,,
Joan Foster,07.10.1981,43,"Chicago, IL, USA",1.3m,1.3m,2.0m,,Joan Respond voice sound article opportunity fall heart friend care structure. Business wall hospital less view hundred whether bill pull team.,"Comedy, Creativity",10.0,36.0,40.0,6.0,1.0,7.0,9.0,5.0,43.0,43.0,41.0,59.0,,,,,,,,,,,,,,38.0,43.0,19.0,50.0,3.0,47.0,40.0,55.0,5.0,7.0,29.0,33.0,11.0,5.0,5.0,10.0,9.0,40.0,7.0,44.0,28.0,72.0,10.1k,35.4k,6.3k,4.1%,10.4%,4.5%,80.3k,63.5k,10.9k,728.5k,83.0k,96.5k,377.1,4.0k,10.4%,55.2k,6.7k,51.6,174.6,,,,
Gregory Taylor,22.11.1992,32,"Houston, TX, USA",2.0m,,521.1k,,Gregory Push individual factor recently sort record central look follow measure argue. War plan financial fear whatever garden truth itself health mean million theory any nice consider especially range fact stage character.,"DIY, Creativity, Art",5.0,34.0,39.0,8.0,5.0,9.0,7.0,7.0,43.0,43.0,40.0,60.0,,,,,,,,,,,,,,,,,,,,,,,7.0,30.0,35.0,15.0,6.0,2.0,5.0,10.0,39.0,9.0,42.0,17.0,83.0,34.2k,26.5k,6.1k,2.9%,9.3%,7.3%,97.7k,10.7k,30.3k,,,,,,,54.3k,4.1k,43.5,196.8,,,,
Tina Harvey,26.09.1996,28,"New York, NY, USA",452.3k,1.1m,2.0m,,Tina Such run doctor certainly guess better able president still worker research down. Any always goal yes case difference spring bit such him technology cause run trial show so quite collection soldier idea.,"Gaming, Beauty, Fitness",10.0,35.0,37.0,13.0,3.0,2.0,10.0,6.0,48.0,36.0,43.0,57.0,,,,,,,,,,,,,,35.0,48.0,17.0,47.0,2.0,51.0,30.0,55.0,15.0,7.0,34.0,35.0,13.0,5.0,4.0,2.0,8.0,43.0,5.0,44.0,23.0,77.0,56.5k,40.3k,9.8k,2.9%,3.2%,3.7%,113.2k,61.1k,55.5k,564.2k,81.7k,95.0k,424.9,3.5k,7.0%,47.8k,6.7k,59.6,158.8,,,,
Kristin Rodriguez,14.12.2002,22,"London, UK",,844.7k,583.0k,92.0k,Kristin Food name product relate into find character group successful attention half federal event material poor. Important environmental authority between service instead win it rich professor usually research common seat whatever.,"Fitness, Lifestyle",,,,,,,,,,,,,29.0,6.0,13.0,20.0,26.0,6.0,4.0,21.0,4.0,71.0,76.0,19.0,5.0,37.0,39.0,24.0,44.0,2.0,54.0,36.0,56.0,8.0,7.0,28.0,40.0,12.0,10.0,4.0,0.0,6.0,50.0,5.0,39.0,22.0,78.0,10.7k,9.6k,16.8k,2.7%,9.1%,8.5%,209.6k,16.2k,12.0k,351.0k,61.5k,49.3k,283.2,3.0k,14.7%,36.6k,5.5k,28.3,33.6,Snap Star,170.5k,15.3k,53.0k
Lisa Herman,18.01.1981,44,"Chicago, IL, USA",494.0k,356.4k,1.7m,,Born and raised Speech father only process soon long explain attention power sit billion throw magazine eight mouth. Final less a your production blood rich fire despite various wife until interest note although.,"Comedy, Art",10.0,33.0,44.0,6.0,5.0,2.0,10.0,8.0,46.0,36.0,45.0,55.0,,,,,,,,,,,,,,34.0,50.0,16.0,41.0,5.0,54.0,36.0,57.0,7.0,9.0,31.0,31.0,13.0,10.0,5.0,1.0,10.0,42.0,6.0,42.0,29.0,71.0,47.2k,50.9k,9.4k,1.0%,7.5%,6.5%,91.3k,29.2k,14.3k,394.3k,16.1k,76.2k,479.0,3.5k,8.2%,12.4k,4.6k,92.6,132.9,,,,
Mary Randall,11.05.1979,46,"Chicago, IL, USA",1.4m,762.1k,1.7m,,Born and raised Town case nation religious social American always resource pick. Somebody together pick teacher hotel painting window front full message deal specific career cultural.,"Dance, Music",6.0,30.0,44.0,12.0,4.0,4.0,7.0,8.0,42.0,43.0,37.0,63.0,,,,,,,,,,,,,,44.0,36.0,20.0,47.0,3.0,50.0,39.0,61.0,0.0,5.0,25.0,35.0,11.0,5.0,4.0,15.0,9.0,44.0,5.0,42.0,21.0,79.0,56.6k,33.4k,17.2k,4.1%,4.3%,9.0%,184.6k,60.9k,25.0k,73.9k,44.5k,43.6k,304.1,2.6k,5.7%,59.2k,6.7k,23.5,140.1,,,,
Amy Young,11.03.2000,25,"London, UK",26.5k,1.3m,1.4m,,Born and raised Who wall study return ready available left. Never political positive wait everybody defense face someone paper for white.,"Advocacy, Gaming, Food",10.0,33.0,33.0,13.0,2.0,9.0,7.0,6.0,44.0,43.0,33.0,67.0,,,,,,,,,,,,,,34.0,47.0,19.0,56.0,3.0,41.0,37.0,62.0,1.0,9.0,34.0,35.0,15.0,7.0,2.0,0.0,6.0,51.0,7.0,36.0,24.0,76.0,15.6k,54.3k,4.8k,5.0%,10.7%,3.3%,174.4k,16.5k,12.5k,618.2k,52.7k,20.5k,161.5,4.1k,7.4%,84.7k,7.4k,55.5,112.2,,,,
Jeremy Salazar Jr.,12.08.1998,27,"Berlin, Germany",233.7k,423.0k,1.5m,50.0k,Jeremy Nation ok many hour toward education scientist mention song case determine source glass position economic. But general newspaper leg green from ok difficult board night will officer sell position individual candidate new thank.,"Author, Education, Fashion",5.0,42.0,31.0,13.0,3.0,6.0,9.0,6.0,42.0,43.0,32.0,68.0,23.0,11.0,7.0,30.0,20.0,9.0,1.0,26.0,4.0,69.0,76.0,14.0,10.0,39.0,35.0,26.0,46.0,2.0,52.0,38.0,54.0,8.0,6.0,28.0,33.0,11.0,9.0,5.0,8.0,10.0,38.0,7.0,45.0,18.0,82.0,71.9k,42.5k,10.4k,1.1%,6.4%,7.3%,267.1k,38.9k,49.2k,459.4k,41.7k,66.3k,476.3,2.2k,14.1%,27.4k,6.9k,52.6,175.5,Standard,132.3k,66.3k,64.4k
Marcus Mills,12.08.1992,33,"Seattle, WA, USA",10.8k,1.1m,934.9k,,Marcus Fine true before big simply make life teacher range tree thought partner dream yes. Enter someone ready mean hit safe land road rock only recent second side interest father test dog amount.,"Comedy, Music",8.0,37.0,34.0,5.0,5.0,11.0,10.0,5.0,41.0,44.0,42.0,58.0,,,,,,,,,,,,,,44.0,40.0,16.0,50.0,4.0,46.0,43.0,63.0,0.0,5.0,32.0,30.0,14.0,10.0,1.0,8.0,7.0,50.0,7.0,36.0,15.0,85.0,61.5k,21.8k,9.3k,1.5%,10.9%,2.9%,196.9k,25.7k,56.1k,792.0k,26.4k,22.4k,450.6,2.0k,10.8%,12.4k,8.3k,79.6,140.8,,,,
Monique Morales,05.04.1999,26,"Seattle, WA, USA",1.1m,1.3m,,,Monique Son significant character security morning response party describe president service drop employee heavy. Recently certainly issue minute edge paper table lose Democrat speak society between phone respond foreign draw.,"Creativity, Author, Beauty",8.0,42.0,38.0,11.0,3.0,0.0,7.0,8.0,46.0,39.0,39.0,61.0,,,,,,,,,,,,,,30.0,47.0,23.0,49.0,3.0,48.0,39.0,65.0,0.0,,,,,,,,,,,,,,61.6k,23.7k,17.6k,0.6%,5.9%,8.8%,127.9k,20.3k,68.3k,469.8k,55.0k,96.0k,287.9,1.5k,5.8%,,,,,,,,
Tony Edwards,26.09.1992,32,"Chicago, IL, USA",341.8k,836.6k,677.1k,167.8k,Born and raised Point sit money already reflect cover news form lose case whom answer performance. Kid almost gun range choose year culture can hour real money probably image item conference tax city.,"Advocacy, Education",6.0,38.0,43.0,5.0,5.0,3.0,9.0,6.0,50.0,35.0,32.0,68.0,21.0,14.0,7.0,20.0,22.0,16.0,2.0,25.0,3.0,70.0,70.0,16.0,14.0,40.0,35.0,25.0,45.0,3.0,52.0,37.0,58.0,5.0,8.0,32.0,37.0,14.0,9.0,5.0,0.0,6.0,48.0,10.0,36.0,24.0,76.0,57.7k,42.0k,16.3k,4.6%,4.3%,8.8%,171.8k,26.6k,55.1k,434.1k,23.3k,29.4k,493.0,4.6k,5.7%,41.9k,8.2k,70.2,175.0,Creator,334.0k,82.8k,29.8k
Katie Harrison,19.03.1997,28,"Seattle, WA, USA",153.7k,33.1k,174.6k,,Born and raised Information agreement dream peace environmental environment forward suddenly maybe herself land. Well officer yet attorney appear occur past art PM notice politics health rate by shake run water fall.,"Entertainment, Finance, Travel",10.0,38.0,45.0,5.0,4.0,0.0,7.0,7.0,47.0,39.0,31.0,69.0,,,,,,,,,,,,,,40.0,39.0,21.0,48.0,2.0,50.0,32.0,60.0,8.0,5.0,32.0,38.0,13.0,7.0,5.0,0.0,6.0,51.0,5.0,38.0,17.0,83.0,11.1k,49.7k,10.6k,3.2%,8.1%,9.2%,295.7k,10.3k,27.0k,656.9k,20.6k,22.8k,431.2,0.8k,14.9%,57.0k,9.9k,69.8,111.1,,,,
Daniel Petersen,01.11.1995,29,"Chicago, IL, USA",652.2k,1.5m,368.2k,,Daniel Brother mind relate court window information up soon. Watch vote involve it dinner cost share which off out husband far thought important religious research me seat natural soon.,"Mental Health, Entertainment, Lifestyle",7.0,41.0,41.0,11.0,1.0,0.0,5.0,7.0,46.0,42.0,44.0,56.0,,,,,,,,,,,,,,36.0,50.0,14.0,42.0,3.0,55.0,40.0,65.0,0.0,10.0,31.0,31.0,10.0,7.0,3.0,8.0,5.0,45.0,9.0,41.0,16.0,84.0,41.0k,37.6k,18.5k,1.0%,10.8%,2.9%,165.1k,31.5k,42.0k,672.0k,53.4k,28.7k,69.0,0.7k,11.4%,83.9k,9.3k,52.6,149.5,,,,
Randy Hernandez,08.12.1996,28,"Chicago, IL, USA",1.9m,1.6m,805.2k,61.7k,Born and raised Eight western fill its public reduce Mrs bar right one minute morning western necessary ball. Course defense type attorney yes method score should month law add worker indeed coach population reach capital.,"Advocacy, Beauty, Pet",8.0,42.0,39.0,9.0,3.0,0.0,6.0,5.0,47.0,42.0,40.0,60.0,20.0,5.0,13.0,22.0,30.0,10.0,2.0,28.0,2.0,68.0,77.0,11.0,12.0,41.0,44.0,15.0,42.0,3.0,55.0,34.0,62.0,4.0,7.0,30.0,38.0,13.0,9.0,5.0,0.0,6.0,48.0,9.0,37.0,29.0,71.0,46.3k,18.9k,19.9k,4.9%,3.2%,3.9%,239.7k,25.7k,34.4k,181.6k,89.0k,37.2k,372.0,1.1k,9.1%,63.9k,7.2k,31.1,99.9,Creator,106.6k,33.3k,75.8k
Nicholas Newton,23.08.1989,36,"Houston, TX, USA",521.4k,276.8k,288.2k,110.3k,Born and raised Baby shoulder seat decision state design teacher. Realize fine material ability interest sometimes TV point machine cost.,"Music, Sport",5.0,35.0,36.0,5.0,3.0,16.0,8.0,6.0,46.0,40.0,39.0,61.0,30.0,13.0,10.0,26.0,26.0,0.0,2.0,26.0,6.0,66.0,84.0,18.0,0.0,45.0,35.0,20.0,55.0,2.0,43.0,39.0,53.0,8.0,9.0,35.0,35.0,14.0,6.0,3.0,0.0,9.0,40.0,8.0,43.0,19.0,81.0,61.3k,53.5k,13.1k,1.4%,11.0%,2.3%,179.5k,64.8k,38.2k,192.1k,84.9k,96.8k,166.4,2.4k,10.4%,92.6k,3.7k,92.2,140.9,Creator,28.4k,27.9k,49.6k
Jennifer Young,13.07.1996,29,"Chicago, IL, USA",863.9k,205.9k,705.9k,,Born and raised Officer economic current carry too friend five trade reduce they you. Realize outside world left store work form PM tonight economy young safe message once type ground herself.,"LGBTQ+, Pet",9.0,38.0,44.0,14.0,1.0,0.0,7.0,9.0,44.0,40.0,42.0,58.0,,,,,,,,,,,,,,39.0,40.0,21.0,47.0,4.0,49.0,42.0,60.0,0.0,6.0,26.0,35.0,12.0,5.0,1.0,15.0,5.0,42.0,9.0,44.0,15.0,85.0,48.9k,27.5k,14.3k,3.1%,5.8%,4.2%,160.0k,33.7k,47.0k,639.9k,13.4k,18.3k,353.7,2.2k,7.5%,13.5k,8.5k,29.3,146.0,,,,
Justin Stephens,06.08.1992,33,"New York, NY, USA",940.0k,482.3k,152.1k,,Born and raised Entire like feel no another government military this dark argue. Avoid themselves glass identify miss subject cell story eat.,"Art, Tech",10.0,38.0,43.0,8.0,5.0,0.0,6.0,7.0,49.0,38.0,33.0,67.0,,,,,,,,,,,,,,30.0,39.0,31.0,49.0,4.0,47.0,39.0,60.0,1.0,9.0,35.0,32.0,15.0,9.0,2.0,0.0,7.0,49.0,5.0,39.0,26.0,74.0,60.2k,59.0k,8.9k,4.4%,3.1%,4.5%,93.0k,67.2k,46.1k,91.9k,50.5k,41.2k,437.9,2.5k,6.8%,69.9k,6.3k,46.2,21.5,,,,
Cindy Cook,23.03.1982,43,"Los Angeles, CA, USA",1.9m,1.9m,307.8k,,Cindy Feel behavior value especially work position work responsibility if everyone why anything. By attorney career home skill whether admit cultural individual sign message sometimes set option away.,"Home/Decor, Advocacy",7.0,37.0,44.0,10.0,2.0,0.0,10.0,7.0,47.0,36.0,30.0,70.0,,,,,,,,,,,,,,37.0,42.0,21.0,43.0,3.0,54.0,35.0,54.0,11.0,9.0,31.0,34.0,14.0,6.0,4.0,2.0,5.0,41.0,10.0,44.0,27.0,73.0,54.8k,38.8k,19.4k,3.4%,10.3%,2.5%,60.6k,25.9k,30.5k,603.6k,31.0k,38.7k,100.8,0.7k,9.1%,86.4k,2.5k,59.5,135.5,,,,
Andrea Goodman,01.05.1992,33,"New York, NY, USA",1.3m,473.8k,,152.9k,Born and raised Each open ball rule its listen pick stuff begin Mrs through three development. Well heavy plant part heart sense art natural vote goal increase north force really she memory capital.,"Dance, Gaming",5.0,36.0,38.0,11.0,3.0,7.0,8.0,5.0,45.0,42.0,40.0,60.0,21.0,6.0,13.0,28.0,29.0,3.0,1.0,23.0,3.0,73.0,76.0,16.0,8.0,39.0,38.0,23.0,48.0,4.0,48.0,32.0,56.0,12.0,,,,,,,,,,,,,,78.1k,23.4k,19.4k,1.1%,3.1%,5.0%,139.1k,62.0k,67.3k,511.6k,14.8k,16.3k,453.0,2.5k,7.3%,,,,,Creator,313.9k,81.5k,65.1k
Ashley Moore,15.10.1992,32,"Seattle, WA, USA",628.8k,1.4m,918.2k,,Born and raised Stay middle discover laugh cause someone according type issue show learn set. Somebody clearly cause man whose follow hundred office they local middle hot natural police.,"Advocacy, Beauty, Lifestyle",5.0,40.0,35.0,6.0,4.0,10.0,10.0,7.0,40.0,43.0,42.0,58.0,,,,,,,,,,,,,,44.0,38.0,18.0,58.0,2.0,40.0,41.0,62.0,0.0,9.0,28.0,31.0,15.0,10.0,4.0,3.0,8.0,46.0,7.0,39.0,23.0,77.0,38.2k,14.2k,11.0k,1.5%,7.9%,7.6%,198.6k,37.0k,21.4k,619.2k,71.8k,16.0k,145.4,2.7k,11.2%,62.9k,6.3k,67.1,196.5,,,,
John Morton,07.07.1984,41,"Houston, TX, USA",,1.9m,895.7k,,John Organization could even debate support region fast specific. Both government rock music significant evidence government sure voice whatever Democrat wish kid concern.,"Mental Health, Art, Lifestyle",,,,,,,,,,,,,,,,,,,,,,,,,,33.0,41.0,26.0,40.0,5.0,55.0,33.0,64.0,3.0,7.0,34.0,35.0,11.0,5.0,4.0,4.0,6.0,47.0,10.0,37.0,23.0,77.0,21.1k,29.2k,15.0k,4.0%,9.7%,7.1%,101.4k,49.3k,13.0k,340.5k,33.9k,61.8k,368.1,4.4k,8.1%,30.5k,3.1k,22.0,61.1,,,,
Kevin Johnson,27.02.2000,25,"Los Angeles, CA, USA",837.5k,,617.1k,97.2k,Born and raised Under fish arrive within even street provide down space she standard knowledge avoid work art set. Study rule who significant especially perform figure camera project follow.,"Travel, Sport, Finance",6.0,38.0,43.0,10.0,3.0,0.0,9.0,5.0,41.0,45.0,32.0,68.0,25.0,12.0,6.0,25.0,25.0,7.0,1.0,24.0,3.0,72.0,78.0,18.0,4.0,,,,,,,,,,8.0,25.0,36.0,12.0,7.0,2.0,10.0,6.0,45.0,6.0,43.0,24.0,76.0,76.2k,49.6k,11.5k,3.5%,6.8%,7.2%,92.0k,69.9k,43.1k,,,,,,,97.4k,2.0k,31.0,73.5,Snap Star,26.6k,59.3k,78.0k
Ronald Hanna,21.11.1984,40,"Seattle, WA, USA",1.9m,,1.3m,,Born and raised Including structure relationship start enough today apply produce discussion either fine cover. Paper although star PM parent real nature above security history seek article.,"Sport, Music",8.0,31.0,40.0,11.0,5.0,5.0,10.0,5.0,41.0,44.0,42.0,58.0,,,,,,,,,,,,,,,,,,,,,,,10.0,26.0,30.0,11.0,10.0,3.0,10.0,8.0,42.0,8.0,42.0,22.0,78.0,38.5k,51.0k,5.3k,1.5%,4.3%,8.6%,285.3k,20.3k,69.9k,,,,,,,94.0k,8.1k,46.7,169.7,,,,
Brittney Waters,02.11.1985,39,"Houston, TX, USA",314.9k,2.0m,1.8m,,Born and raised Or south foot section over exactly talk another prepare guy than. Time record end every prove institution quality quality whether animal friend customer make.,"Wellness, Family, Tech",8.0,35.0,36.0,14.0,1.0,6.0,9.0,5.0,43.0,43.0,32.0,68.0,,,,,,,,,,,,,,45.0,40.0,15.0,43.0,3.0,54.0,30.0,59.0,11.0,5.0,25.0,33.0,14.0,6.0,5.0,12.0,8.0,45.0,9.0,38.0,28.0,72.0,65.9k,22.8k,13.6k,3.6%,6.3%,6.9%,262.0k,55.3k,10.3k,495.2k,87.9k,24.4k,326.0,1.3k,10.4%,65.6k,8.9k,66.4,162.0,,,,
Jason Morgan,04.09.1986,39,"Chicago, IL, USA",1.7m,1.6m,708.4k,166.0k,Born and raised Thing seven including administration I in support kind attorney nearly card. People card material skill practice entire involve huge wish describe everything above enjoy eye agreement.,"Beauty, Mental Health, Dance",9.0,34.0,30.0,5.0,5.0,17.0,7.0,5.0,51.0,37.0,36.0,64.0,23.0,9.0,6.0,28.0,26.0,8.0,3.0,26.0,3.0,68.0,75.0,19.0,6.0,41.0,49.0,10.0,55.0,5.0,40.0,36.0,53.0,11.0,8.0,30.0,31.0,13.0,5.0,2.0,11.0,9.0,46.0,8.0,37.0,28.0,72.0,42.6k,11.4k,2.2k,2.1%,8.9%,6.0%,236.0k,41.9k,63.4k,395.0k,70.6k,55.1k,342.4,1.4k,14.9%,93.2k,1.0k,36.8,165.2,Snap Star,150.7k,18.0k,62.1k
Larry Smith,16.04.1996,29,"New York, NY, USA",686.5k,1.7m,921.5k,,Born and raised Five machine our statement beyond throw receive pressure. Enter American detail day rate kind pull return sea them close wind pretty probably executive international quickly interview skin property.,"Fitness, Music, Dance",10.0,38.0,31.0,6.0,4.0,11.0,9.0,10.0,46.0,35.0,31.0,69.0,,,,,,,,,,,,,,38.0,41.0,21.0,51.0,2.0,47.0,30.0,54.0,16.0,9.0,25.0,35.0,12.0,7.0,2.0,10.0,6.0,41.0,10.0,43.0,30.0,70.0,30.6k,43.8k,14.9k,2.0%,10.6%,5.2%,128.5k,29.5k,56.9k,760.3k,28.2k,39.6k,400.2,3.6k,12.6%,14.9k,4.5k,48.3,139.0,,,,
Joseph Hall,16.01.2007,18,"Los Angeles, CA, USA",1.0m,1.1m,1.3m,49.6k,Joseph Customer give once knowledge chance run part for. Goal draw remain level seek authority writer partner southern quality something end central.,"Lifestyle, Travel",5.0,38.0,32.0,15.0,1.0,9.0,5.0,10.0,42.0,43.0,36.0,64.0,25.0,10.0,14.0,20.0,22.0,9.0,4.0,21.0,5.0,70.0,80.0,11.0,9.0,42.0,40.0,18.0,55.0,4.0,41.0,43.0,57.0,0.0,9.0,30.0,33.0,10.0,5.0,5.0,8.0,5.0,54.0,5.0,36.0,29.0,71.0,56.5k,24.1k,16.2k,4.9%,7.8%,5.8%,89.7k,34.0k,10.1k,201.3k,24.9k,10.4k,224.5,4.5k,11.5%,92.3k,7.2k,53.3,126.2,Creator,264.5k,39.2k,68.8k
Jeffery Perez,28.06.1984,41,"Houston, TX, USA",611.6k,1.6m,829.4k,,Born and raised Buy poor simple respond hospital effect finish student to run soldier attorney who. Race very rest method pick performance leave service important ground sense vote heavy.,"Fashion, Travel, Comedy",9.0,30.0,43.0,8.0,1.0,9.0,10.0,10.0,41.0,39.0,31.0,69.0,,,,,,,,,,,,,,42.0,41.0,17.0,57.0,2.0,41.0,31.0,59.0,10.0,6.0,31.0,40.0,15.0,5.0,2.0,1.0,10.0,44.0,9.0,37.0,22.0,78.0,79.3k,44.6k,6.5k,2.7%,7.8%,4.8%,296.8k,51.2k,34.5k,155.8k,99.9k,33.1k,66.7,4.0k,5.4%,90.9k,9.4k,82.0,156.8,,,,
Steven Myers,19.09.1977,47,"Seattle, WA, USA",,454.8k,,95.9k,Steven Idea baby energy record concern guy late feeling notice card store over happy. With campaign staff himself poor these fish community read positive thousand common behavior turn.,"Mental Health, Wellness",,,,,,,,,,,,,30.0,13.0,12.0,25.0,22.0,0.0,1.0,27.0,2.0,70.0,70.0,18.0,12.0,40.0,39.0,21.0,51.0,4.0,45.0,41.0,59.0,0.0,,,,,,,,,,,,,,62.6k,43.3k,15.9k,1.5%,7.1%,9.6%,160.8k,10.7k,37.3k,323.3k,14.0k,95.0k,155.3,0.7k,12.8%,,,,,Standard,108.0k,95.6k,33.1k
Omar Ramsey,14.07.1983,42,"Seattle, WA, USA",129.1k,1.6m,213.9k,145.8k,Omar Whatever side bad government region southern threat image fire find hope pick sign. Short these play gas surface property draw today institution federal have education should million news control site start.,"Entertainment, Art, Dance",8.0,37.0,39.0,9.0,2.0,5.0,9.0,6.0,49.0,36.0,33.0,67.0,24.0,13.0,15.0,23.0,21.0,4.0,4.0,26.0,3.0,67.0,80.0,17.0,3.0,40.0,35.0,25.0,52.0,4.0,44.0,42.0,65.0,0.0,9.0,34.0,33.0,14.0,5.0,5.0,0.0,9.0,44.0,6.0,41.0,24.0,76.0,21.4k,20.8k,19.2k,2.0%,10.2%,4.0%,124.0k,15.4k,36.7k,76.6k,19.8k,45.5k,243.5,2.4k,7.8%,21.5k,4.9k,13.6,64.1,Snap Star,116.2k,58.6k,15.3k
Jose Mendoza,24.11.1981,43,"Houston, TX, USA",,,86.1k,,Born and raised Lot assume really friend week actually factor performance join exactly. Begin movie blue hard process cost sister deal executive enjoy inside.,"Art, Music, Finance",,,,,,,,,,,,,,,,,,,,,,,,,,,,,,,,,,,5.0,27.0,32.0,15.0,8.0,4.0,9.0,5.0,42.0,10.0,43.0,21.0,79.0,16.9k,58.6k,4.6k,2.2%,9.5%,9.0%,267.1k,56.9k,49.0k,,,,,,,74.4k,6.1k,16.9,117.6,,,,
Derrick Roberts,19.11.2001,23,"Chicago, IL, USA",,,2.0m,,Derrick End he space visit open people exactly work decision television radio water for. Song find these relationship your man project probably final western name short thought wall.,"Lifestyle, Comedy, Creativity",,,,,,,,,,,,,,,,,,,,,,,,,,,,,,,,,,,6.0,31.0,38.0,11.0,10.0,1.0,3.0,6.0,46.0,9.0,39.0,26.0,74.0,42.0k,29.3k,9.7k,1.0%,7.1%,4.5%,52.9k,38.5k,35.1k,,,,,,,54.2k,6.4k,85.1,199.9,,,,
Jennifer Andrews,23.10.1992,32,"Seattle, WA, USA",89.1k,1.4m,1.8m,,Jennifer Others region on specific year center explain financial my owner determine national knowledge. Water city north beyond present do down keep improve college skill everybody mission customer ready check according usually.,"Beauty, Wellness",6.0,42.0,32.0,9.0,2.0,9.0,5.0,6.0,48.0,41.0,30.0,70.0,,,,,,,,,,,,,,37.0,38.0,25.0,54.0,4.0,42.0,30.0,52.0,18.0,7.0,33.0,31.0,12.0,8.0,4.0,5.0,8.0,47.0,9.0,36.0,24.0,76.0,47.6k,39.8k,6.8k,3.8%,10.9%,7.7%,82.1k,60.6k,54.3k,198.9k,36.5k,55.5k,462.4,2.3k,11.5%,24.6k,4.7k,66.6,47.2,,,,
Tara Nguyen,05.03.1988,37,"Seattle, WA, USA",1.4m,1.7m,,,Tara Green industry the off program assume everything account machine certainly tree believe. Case listen scene improve none word table drop decade voice billion.,"Home/Decor, Education, Wellness",5.0,33.0,37.0,7.0,3.0,15.0,7.0,10.0,42.0,41.0,39.0,61.0,,,,,,,,,,,,,,39.0,35.0,26.0,44.0,3.0,53.0,41.0,50.0,9.0,,,,,,,,,,,,,,52.8k,41.2k,2.9k,2.7%,6.4%,2.3%,139.1k,40.0k,60.8k,196.9k,91.3k,16.0k,191.5,4.2k,14.2%,,,,,,,,
Kyle Valencia,28.07.2007,18,"New York, NY, USA",1.7m,1.0m,1.4m,,Born and raised But expert bill girl prepare expect sense evidence street. Successful team join nice manage writer treat give break red sell wide bit billion yes source near.,"DIY, LGBTQ+, Author",7.0,31.0,41.0,13.0,5.0,3.0,9.0,5.0,50.0,36.0,34.0,66.0,,,,,,,,,,,,,,41.0,41.0,18.0,43.0,4.0,53.0,30.0,65.0,5.0,8.0,26.0,40.0,12.0,8.0,4.0,2.0,5.0,55.0,5.0,35.0,25.0,75.0,75.8k,36.0k,6.2k,4.0%,5.8%,8.8%,165.0k,42.0k,45.7k,750.2k,28.6k,29.3k,188.3,3.5k,14.1%,35.8k,9.7k,29.1,190.1,,,,
Justin Mann,14.09.2005,19,"New York, NY, USA",1.4m,914.8k,1.4m,16.0k,Justin For bill wife stuff within for include bar however. Hope hear final read else candidate suffer north human partner radio situation bar know art idea you arrive cultural tree.,"Food, Gaming",8.0,42.0,31.0,15.0,3.0,1.0,6.0,6.0,51.0,37.0,40.0,60.0,30.0,11.0,14.0,26.0,29.0,0.0,1.0,25.0,6.0,68.0,83.0,14.0,3.0,36.0,41.0,23.0,49.0,3.0,48.0,40.0,56.0,4.0,7.0,26.0,39.0,15.0,7.0,2.0,4.0,7.0,50.0,5.0,38.0,21.0,79.0,58.0k,38.4k,11.8k,3.0%,4.1%,3.9%,153.6k,58.8k,20.4k,281.5k,16.3k,82.6k,129.8,3.2k,6.9%,46.6k,4.4k,10.2,51.0,Creator,41.0k,73.0k,32.9k
